{
    "nombre":"john rojas",
    "cedula": 1012392334,
    "data":[
        {
            "num_plan":"1234567",
            "valor":"520000",
            "vencimiento":"17/03/2021",
            "vigencia":"1"
        },
        {
            "num_plan":"1234567",
            "valor":"520000",
            "vencimiento":"17/03/2021",
            "vigencia":"1"
        },
        {
            "num_plan":"1234567",
            "valor":"520000",
            "vencimiento":"17/03/2021",
            "vigencia":"1"
        },
        {
            "num_plan":"1234567",
            "valor":"520000",
            "vencimiento":"17/03/2021",
            "vigencia":"1"
        }
    ]
}